<?xml version="1.0" encoding="UTF-8"?>
<project-private xmlns="http://www.netbeans.org/ns/project-private/1">
    <editor-bookmarks xmlns="http://www.netbeans.org/ns/editor-bookmarks/2" lastBookmarkId="0"/>
    <open-files xmlns="http://www.netbeans.org/ns/projectui-open-files/2">
        <group>
            <file>file:/D:/PengelolaDataMovie/src/controller/moviecontroller.java</file>
            <file>file:/D:/PengelolaDataMovie/src/view/PengelolaMovie.java</file>
            <file>file:/D:/PengelolaDataMovie/src/koneksi/connector.java</file>
            <file>file:/D:/PengelolaDataMovie/src/view/MainView.java</file>
            <file>file:/D:/PengelolaDataMovie/src/DAOmovie/movieDAO.java</file>
            <file>file:/D:/PengelolaDataMovie/src/model/movie.java</file>
            <file>file:/D:/PengelolaDataMovie/src/DAOImplement/movieimplement.java</file>
            <file>file:/D:/PengelolaDataMovie/src/model/modeltabelmovie.java</file>
        </group>
    </open-files>
</project-private>
